CensusTract,State,County,LILATracts_1And10,LILATracts_halfAnd10,LowIncomeTracts,LA1and10,LAhalfand10,PovertyRate,MedianFamilyIncome,lapop1share
48029110100,Texas,Bexar County,0,1,1,0,1,20.7608255766896,56985.0,0.621440799393644
48029110300,Texas,Bexar County,0,1,1,0,1,35.1279494848787,42375.0,
48029110500,Texas,Bexar County,0,1,1,0,1,67.964824120603,9684.0,
48029110600,Texas,Bexar County,0,1,1,0,1,51.0811768876285,21923.0,
48029110700,Texas,Bexar County,0,0,1,0,0,33.752244165170595,36765.0,
48029110800,Texas,Bexar County,0,1,1,0,1,26.438188494492,44167.0,3.41147551403094
48029110900,Texas,Bexar County,0,0,0,0,1,13.8184245660881,103235.0,29.2831364727303
48029111000,Texas,Bexar County,1,1,1,1,1,21.5203426124197,42500.0,60.7349494485294
48029120100,Texas,Bexar County,0,0,0,1,1,6.07833163784334,68990.0,87.2657334195315
48029120300,Texas,Bexar County,0,0,0,0,1,4.6751968503937,169181.0,
48029120400,Texas,Bexar County,0,0,0,1,1,0.716189207195203,177195.0,17.438081690654002
48029120501,Texas,Bexar County,1,1,1,1,1,19.0018168216309,45877.0,35.0598002975909
48029120502,Texas,Bexar County,0,1,1,0,1,31.8026292094363,36941.0,1.25836306700535
48029120600,Texas,Bexar County,0,0,0,0,0,19.5958566819494,64181.0,
48029120701,Texas,Bexar County,0,1,1,0,1,15.598935226264398,53295.0,
48029120702,Texas,Bexar County,0,0,0,0,1,7.65645805592543,75430.0,
48029120800,Texas,Bexar County,0,0,0,0,1,2.51359694252536,123026.0,3.2766393458463097
48029120901,Texas,Bexar County,1,1,1,1,1,23.6842105263158,67222.0,88.7056505037956
48029120902,Texas,Bexar County,0,0,0,1,1,16.079762409843,60423.0,22.6422537217976
48029121000,Texas,Bexar County,1,1,1,1,1,17.2409579667644,54120.0,89.3890655070948
48029121108,Texas,Bexar County,0,0,0,1,1,8.929471032745589,77127.0,21.5082384408032
48029121110,Texas,Bexar County,0,0,0,1,1,7.01442402687216,95050.0,36.9284224896801
48029121111,Texas,Bexar County,0,0,0,0,1,16.0610465116279,62946.0,2.83329759273614
48029121112,Texas,Bexar County,0,0,0,1,1,16.009083167754802,57005.0,14.3538662828396
48029121115,Texas,Bexar County,0,0,0,1,1,11.772363771619899,99714.0,19.9382758752436
48029121116,Texas,Bexar County,0,0,0,1,1,7.23855601042054,79167.0,27.876627974490898
48029121117,Texas,Bexar County,0,0,0,1,1,8.033780857514081,81111.0,29.5633835427416
48029121118,Texas,Bexar County,0,0,0,1,1,7.3711790393013095,93168.0,50.78644290791819
48029121119,Texas,Bexar County,0,0,0,1,1,10.2657204159102,83060.0,39.8692738724729
48029121120,Texas,Bexar County,0,0,0,1,1,2.69455436216318,79030.0,60.9810028576688
48029121121,Texas,Bexar County,0,0,0,0,1,1.07155202212236,132917.0,
48029121122,Texas,Bexar County,0,0,0,1,1,6.066433566433569,96935.0,18.6495493703517
48029121203,Texas,Bexar County,1,1,1,1,1,10.6605922551253,50795.0,35.3975578933978
48029121204,Texas,Bexar County,1,1,1,1,1,16.686722823906898,53022.0,66.8148583883899
48029121205,Texas,Bexar County,0,1,1,0,1,35.3481083501231,35588.0,0.8225760484451009
48029121206,Texas,Bexar County,0,0,0,0,1,6.76148286313826,68992.0,2.1246981416556303
48029121300,Texas,Bexar County,0,0,0,1,1,12.6523684616572,81202.0,10.6874050045501
48029121402,Texas,Bexar County,1,1,1,1,1,13.063183151159699,54479.0,15.449776822556998
48029121403,Texas,Bexar County,0,1,1,0,1,15.101592531576099,42557.0,0.0120523008627831
48029121404,Texas,Bexar County,1,1,1,1,1,33.476635514018696,32325.0,83.90558872914589
48029121501,Texas,Bexar County,0,0,0,1,1,8.40995970658126,84364.0,30.642612597081797
48029121504,Texas,Bexar County,0,0,0,1,1,3.80700041835169,81585.0,86.8992827128187
48029121505,Texas,Bexar County,0,0,0,1,1,9.23874195854182,73285.0,46.8138342373912
48029121506,Texas,Bexar County,0,0,0,1,1,15.133145702533,57738.0,77.95143533155489
48029121507,Texas,Bexar County,0,0,0,1,1,8.03905276277524,57377.0,43.6882740680374
48029121508,Texas,Bexar County,0,1,1,0,1,24.795698924731198,50104.0,7.280685640812671
48029121601,Texas,Bexar County,0,0,0,0,1,15.153681200857799,63361.0,8.481348543414171
48029121604,Texas,Bexar County,0,0,0,1,1,7.4587230111996305,78401.0,34.2869110040609
48029121605,Texas,Bexar County,0,0,0,0,1,19.675356615838698,59107.0,
48029121606,Texas,Bexar County,0,0,0,1,1,7.064777327935221,61854.0,18.038947080911598
48029121701,Texas,Bexar County,0,0,0,1,1,16.6547363397757,72500.0,43.487250924360296
48029121702,Texas,Bexar County,0,0,0,1,1,6.6066066066066105,83085.0,8.52447442994078
48029121802,Texas,Bexar County,0,0,0,1,1,14.530123426616202,62670.0,36.0646446868586
48029121803,Texas,Bexar County,0,0,0,1,1,6.29293153113228,76833.0,97.2742722431303
48029121804,Texas,Bexar County,0,1,1,0,1,24.4338162892109,61493.0,1.04417074539146
48029121808,Texas,Bexar County,0,0,0,1,1,5.411061285500749,83586.0,15.5276183424923
48029121809,Texas,Bexar County,0,0,0,0,1,8.64485981308411,77355.0,
48029121810,Texas,Bexar County,0,0,0,1,1,12.6420161123735,80272.0,78.3611624845345
48029121811,Texas,Bexar County,0,0,0,1,1,6.79152478244419,90391.0,99.0816598774838
48029121812,Texas,Bexar County,0,0,0,1,1,14.029411764705902,73516.0,17.7265341902496
48029121813,Texas,Bexar County,0,0,0,1,1,12.0872971460548,83073.0,92.579650454833
48029121903,Texas,Bexar County,0,0,0,1,1,5.11393285788833,106729.0,32.2866441729671
48029121904,Texas,Bexar County,0,0,0,0,1,1.84672206832872,118750.0,
48029121905,Texas,Bexar County,0,0,0,1,1,5.64059900166389,125071.0,9.835084339487201
48029121906,Texas,Bexar County,0,0,0,1,1,5.54094665664914,103389.0,45.3200972351137
48029121907,Texas,Bexar County,0,0,0,1,1,3.45327215648394,104464.0,96.1495473640733
48029121908,Texas,Bexar County,0,0,0,0,0,3.4075664072981002,114940.0,99.9999996074724
48029121909,Texas,Bexar County,0,0,0,1,1,3.15453384418902,94762.0,16.6918509300987
48029121910,Texas,Bexar County,0,0,0,1,1,2.12190259185417,102803.0,74.6263361347646
48029130200,Texas,Bexar County,0,1,1,0,1,19.2198982475975,36731.0,
48029130300,Texas,Bexar County,1,1,1,1,1,26.2025694651927,35243.0,45.316609884509305
48029130401,Texas,Bexar County,1,1,1,1,1,35.8786346396966,30625.0,86.96440938757681
48029130402,Texas,Bexar County,1,1,1,1,1,39.108910891089096,28542.0,99.99999970508709
48029130500,Texas,Bexar County,1,1,1,1,1,47.644852021675696,24762.0,18.4455282838806
48029130600,Texas,Bexar County,0,1,1,0,1,46.3656660878194,28201.0,0.525555248991449
48029130700,Texas,Bexar County,1,1,1,1,1,37.459165154265,38125.0,53.35612965605429
48029130800,Texas,Bexar County,1,1,1,1,1,32.4122732666554,33732.0,99.3794985454785
48029130900,Texas,Bexar County,1,1,1,1,1,31.636892397174897,37377.0,76.39961262305029
48029131000,Texas,Bexar County,0,1,1,0,1,40.502630040911704,32161.0,4.09581988073365
48029131100,Texas,Bexar County,1,1,1,1,1,22.2675367047308,41176.0,94.5081070322204
48029131200,Texas,Bexar County,1,1,1,1,1,38.132807363576596,35729.0,20.9521292555302
48029131300,Texas,Bexar County,0,1,1,0,1,22.6550990342118,39917.0,8.76530866696694
48029131401,Texas,Bexar County,0,0,0,1,1,12.659544294223299,67670.0,97.0496098165747
48029131402,Texas,Bexar County,0,0,1,0,0,24.81726418378,48164.0,36.692756526246804
48029131503,Texas,Bexar County,0,0,0,1,1,8.51282051282051,66500.0,99.9999996073407
48029131504,Texas,Bexar County,1,1,1,1,1,28.484231943031503,52593.0,99.999998644813
48029131505,Texas,Bexar County,0,0,0,0,1,11.2041088073045,56949.0,
48029131506,Texas,Bexar County,0,0,0,1,1,9.80933959657364,62917.0,49.752354848034905
48029131507,Texas,Bexar County,1,1,1,1,1,31.889646989024,46250.0,20.4107260688498
48029131601,Texas,Bexar County,0,0,0,0,0,3.9452309120445603,104846.0,80.62616491916789
48029131606,Texas,Bexar County,0,0,0,1,1,3.5232636547538796,70883.0,91.7088689843429
48029131608,Texas,Bexar County,0,0,0,1,1,11.7825793382849,71447.0,96.484544818421
48029131609,Texas,Bexar County,0,0,0,0,1,8.70413739266198,76006.0,2.10425666490599
48029131610,Texas,Bexar County,0,0,0,0,1,7.19410876132931,75464.0,
48029131611,Texas,Bexar County,0,0,0,0,0,8.99521531100479,68594.0,
48029131612,Texas,Bexar County,0,0,0,1,1,8.18181818181818,74125.0,100.000000851249
48029131613,Texas,Bexar County,0,0,0,1,1,6.522727272727271,64107.0,16.1166860415812
48029131614,Texas,Bexar County,0,0,0,1,1,6.89499774673276,72708.0,40.1301453083488
48029131615,Texas,Bexar County,0,0,0,1,1,8.11976343026121,71594.0,13.8460495021099
48029131700,Texas,Bexar County,0,0,0,1,1,3.82941688424717,92105.0,99.9999992522403
48029131801,Texas,Bexar County,0,0,0,0,0,4.18052256532067,92333.0,100.000000210282
48029131802,Texas,Bexar County,0,0,0,0,0,9.50395083406497,79266.0,96.0078622772982
48029140100,Texas,Bexar County,0,1,1,0,1,20.935412026726098,46583.0,
48029140200,Texas,Bexar County,1,1,1,1,1,11.613130956583099,45096.0,27.600558504506502
48029140300,Texas,Bexar County,1,1,1,1,1,30.148918235459398,34961.0,55.1665138601902
48029140400,Texas,Bexar County,1,1,1,1,1,17.143643368189302,46591.0,56.883623655184
48029140500,Texas,Bexar County,1,1,1,1,1,13.5087719298246,44313.0,45.1921638418846
48029140600,Texas,Bexar County,1,1,1,1,1,20.332390381895298,43900.0,72.572489137164
48029140700,Texas,Bexar County,0,1,1,0,1,21.5255332902392,53750.0,2.7123604841722297
48029140800,Texas,Bexar County,1,1,1,1,1,32.0888727007831,41910.0,13.807738119538701
48029140900,Texas,Bexar County,0,1,1,0,1,29.798723613156604,38317.0,
48029141000,Texas,Bexar County,0,1,1,0,1,36.094674556213,34475.0,0.8064071884777291
48029141101,Texas,Bexar County,1,1,1,1,1,41.0062893081761,32464.0,16.1599140579016
48029141102,Texas,Bexar County,0,1,1,0,1,17.8294573643411,39044.0,2.6742779155417202
48029141200,Texas,Bexar County,1,1,1,1,1,30.5613018893946,34850.0,13.2066254284214
48029141300,Texas,Bexar County,1,1,1,1,1,16.2787293222076,53199.0,91.18254915362199
48029141402,Texas,Bexar County,0,0,0,1,1,9.34141098299785,79773.0,31.1190286047514
48029141403,Texas,Bexar County,0,1,1,0,1,14.003511852502202,56250.0,4.86900477695439
48029141404,Texas,Bexar County,0,0,0,1,1,13.1648235913639,61927.0,13.3460521030138
48029141600,Texas,Bexar County,1,1,1,1,1,14.46128635805,52129.0,98.3360227841098
48029141700,Texas,Bexar County,0,0,0,1,1,8.038698328935801,77923.0,100.000000467354
48029141800,Texas,Bexar County,0,0,1,0,0,18.899348298334502,45536.0,99.9999998903861
48029141900,Texas,Bexar County,0,0,0,0,0,3.96309498846718,67273.0,92.7852981662456
48029150100,Texas,Bexar County,0,1,1,0,1,23.6666095009432,41995.0,
48029150300,Texas,Bexar County,0,1,1,0,1,24.3005282723537,45802.0,
48029150400,Texas,Bexar County,0,1,1,0,1,31.2202852614897,44107.0,
48029150501,Texas,Bexar County,0,0,1,0,0,23.0304386750224,37402.0,
48029150502,Texas,Bexar County,0,1,1,0,1,24.9051094890511,37552.0,
48029150600,Texas,Bexar County,0,1,1,0,1,31.5059991725279,35735.0,
48029150700,Texas,Bexar County,0,1,1,0,1,22.2618877623875,44903.0,
48029150800,Texas,Bexar County,1,1,1,1,1,61.914672216441204,15967.0,46.3407470264706
48029150900,Texas,Bexar County,0,1,1,0,1,16.8271367204859,45133.0,
48029151000,Texas,Bexar County,0,1,1,0,1,23.9270687237027,41595.0,
48029151100,Texas,Bexar County,0,1,1,0,1,27.738469601677203,39043.0,
48029151200,Texas,Bexar County,1,1,1,1,1,20.4307568438003,45962.0,66.9359558676476
48029151301,Texas,Bexar County,1,1,1,1,1,20.441988950276198,42218.0,19.7254396922341
48029151302,Texas,Bexar County,1,1,1,1,1,24.2517482517483,39734.0,94.94207782216439
48029151400,Texas,Bexar County,0,1,1,0,1,26.614987080103404,34979.0,
48029151500,Texas,Bexar County,0,0,1,0,0,16.1085653859711,47722.0,
48029151600,Texas,Bexar County,0,1,1,0,1,23.1989924433249,43088.0,6.15801050279892
48029151700,Texas,Bexar County,1,1,1,1,1,21.193499931722002,56600.0,54.0942211439827
48029151900,Texas,Bexar County,1,1,1,1,1,19.1495601173021,51573.0,100.000000267054
48029152000,Texas,Bexar County,0,0,1,0,0,29.6407185628743,53269.0,100.000000132499
48029152100,Texas,Bexar County,0,0,1,0,0,23.6287758346582,58977.0,92.2702177282963
48029152201,Texas,Bexar County,0,0,1,0,0,31.073074391046703,52727.0,82.9428137951314
48029152202,Texas,Bexar County,0,0,1,0,0,12.1427163414153,54877.0,100.00000172871299
48029160100,Texas,Bexar County,0,1,1,0,1,44.179229480737,25820.0,
48029160200,Texas,Bexar County,0,0,1,0,0,13.756260434056799,36979.0,
48029160300,Texas,Bexar County,0,1,1,0,1,25.4576659038902,38333.0,
48029160400,Texas,Bexar County,0,1,1,0,1,31.8303479514103,43321.0,6.54544559047231
48029160501,Texas,Bexar County,0,1,1,0,1,56.0299295774648,19375.0,5.5688907603833
48029160502,Texas,Bexar County,1,1,1,1,1,32.678956188652094,32475.0,22.1913841105788
48029160600,Texas,Bexar County,0,1,1,0,1,38.5551330798479,33841.0,
48029160701,Texas,Bexar County,1,1,1,1,1,25.0657548658601,42944.0,60.435275856915105
48029160702,Texas,Bexar County,1,1,1,1,1,34.2525675161658,34575.0,78.8359257849462
48029160901,Texas,Bexar County,1,1,1,1,1,25.349301397205597,44777.0,23.5983619157945
48029160902,Texas,Bexar County,1,1,1,1,1,30.314126035845103,35787.0,85.8152499340502
48029161000,Texas,Bexar County,1,1,1,1,1,38.0009657170449,28719.0,76.5181752845928
48029161100,Texas,Bexar County,1,1,1,1,1,18.4225610455119,43643.0,96.4664963478702
48029161200,Texas,Bexar County,0,0,1,0,0,26.361130254996603,45109.0,97.406986285162
48029161302,Texas,Bexar County,0,1,1,0,1,22.429749284872997,42204.0,1.68400656126375
48029161303,Texas,Bexar County,0,1,1,0,1,23.6259228876128,36734.0,0.000631766670509468
48029161304,Texas,Bexar County,1,1,1,1,1,23.1795088907705,46908.0,63.038897519455396
48029161400,Texas,Bexar County,0,0,0,0,1,10.265087422447799,76889.0,0.14309081666308401
48029161501,Texas,Bexar County,1,1,1,1,1,29.7516656571775,38900.0,26.257856605121198
48029161503,Texas,Bexar County,0,1,1,0,1,24.8864309697808,49167.0,
48029161504,Texas,Bexar County,0,1,1,0,1,24.6453525301715,40975.0,2.67124988329188
48029161600,Texas,Bexar County,0,1,1,0,1,19.9284511784512,40081.0,3.43297277905467
48029161801,Texas,Bexar County,0,0,0,1,1,10.4132994689448,69375.0,13.6512107148308
48029161802,Texas,Bexar County,1,1,1,1,1,18.1862841422676,51856.0,11.030399809729401
48029161901,Texas,Bexar County,0,0,1,0,0,19.4770063119928,38594.0,100.000000216134
48029161902,Texas,Bexar County,0,0,0,0,0,14.285714285714299,67513.0,99.4812906557985
48029162001,Texas,Bexar County,0,0,1,0,0,17.9799738789726,55000.0,99.275995782815
48029162003,Texas,Bexar County,0,0,1,0,0,22.5090839548671,46382.0,67.0343531312516
48029162004,Texas,Bexar County,0,0,1,0,0,15.6241752441277,44663.0,99.5130031141598
48029170101,Texas,Bexar County,0,1,1,0,1,33.001077586206904,37000.0,
48029170102,Texas,Bexar County,0,1,1,0,1,27.8253661232385,41467.0,
48029170200,Texas,Bexar County,0,1,1,0,1,42.7455965135282,27988.0,
48029170300,Texas,Bexar County,0,1,1,0,1,32.4338172502135,34028.0,
48029170401,Texas,Bexar County,0,1,1,0,1,43.4582662681076,22672.0,
48029170402,Texas,Bexar County,0,1,1,0,1,34.083217200876,36278.0,
48029170500,Texas,Bexar County,1,1,1,1,1,32.1310116086236,42951.0,35.2405503251625
48029170600,Texas,Bexar County,0,0,1,0,0,14.8495420846053,52404.0,
48029170700,Texas,Bexar County,0,1,1,0,1,22.8520988622989,45758.0,
48029170800,Texas,Bexar County,0,1,1,0,1,40.5458089668616,22750.0,
48029170900,Texas,Bexar County,0,1,1,0,1,33.6014073887912,29750.0,
48029171000,Texas,Bexar County,0,1,1,0,1,39.9900315667054,27917.0,
48029171100,Texas,Bexar County,0,1,1,0,1,30.899608865710597,34125.0,0.441789793711837
48029171200,Texas,Bexar County,0,1,1,0,1,21.7532467532468,34067.0,
48029171301,Texas,Bexar County,0,1,1,0,1,29.027628274129903,34583.0,14.160094181356401
48029171302,Texas,Bexar County,1,1,1,1,1,35.1968054763263,39583.0,30.5209428938909
48029171401,Texas,Bexar County,1,1,1,1,1,19.5918367346939,51905.0,99.8004504482077
48029171402,Texas,Bexar County,1,1,1,1,1,26.3393546394936,42225.0,76.3218313365758
48029171501,Texas,Bexar County,1,1,1,1,1,30.922098569157402,42396.0,77.21410783443619
48029171502,Texas,Bexar County,0,1,1,0,1,26.3601263601264,31875.0,7.04537383337565
48029171601,Texas,Bexar County,0,1,1,0,1,38.752052545156005,32961.0,0.119478913071657
48029171602,Texas,Bexar County,1,1,1,1,1,47.7633069082673,26507.0,88.43945283733869
48029171700,Texas,Bexar County,0,1,1,0,1,19.0802348336595,41791.0,0.08782925757956
48029171801,Texas,Bexar County,0,1,1,0,1,17.1265800249243,52796.0,
48029171802,Texas,Bexar County,1,1,1,1,1,30.8496515101228,36131.0,8.7418393148333
48029171902,Texas,Bexar County,0,1,1,0,1,25.4682675814751,49590.0,0.0
48029171903,Texas,Bexar County,1,1,1,1,1,14.378145219266699,53555.0,24.8765210301997
48029171912,Texas,Bexar County,0,0,0,1,1,5.84562242593331,84489.0,21.389604172188
48029171913,Texas,Bexar County,0,1,1,0,1,21.9584569732938,45495.0,
48029171914,Texas,Bexar County,0,0,0,1,1,10.8881998905709,77708.0,48.7083973460199
48029171915,Texas,Bexar County,0,0,0,0,1,14.202508960573502,68958.0,
48029171916,Texas,Bexar County,0,0,0,1,1,4.332337393702599,85093.0,15.1432849252786
48029171917,Texas,Bexar County,0,0,0,1,1,3.57105456068698,91711.0,7.76239553147942
48029171918,Texas,Bexar County,0,0,0,1,1,5.06976744186046,80798.0,97.1905813096185
48029171919,Texas,Bexar County,0,0,0,1,1,10.0623867981485,56339.0,100.00000082386799
48029171920,Texas,Bexar County,0,0,0,1,1,12.8675198893117,61987.0,53.0363076109633
48029171921,Texas,Bexar County,0,0,0,1,1,14.138128945858,68029.0,100.000000261303
48029171922,Texas,Bexar County,0,0,0,1,1,14.439485429246501,74212.0,44.0490029553044
48029171923,Texas,Bexar County,0,0,0,1,1,9.667226226918139,80558.0,8.69830461863195
48029171924,Texas,Bexar County,0,0,0,1,1,10.0284495021337,83834.0,13.208093599067
48029171925,Texas,Bexar County,0,0,0,0,1,12.2587064676617,76172.0,
48029172002,Texas,Bexar County,0,0,0,0,0,2.9451531362059797,82525.0,67.1554973852445
48029172003,Texas,Bexar County,0,0,0,0,1,4.70199716936625,100282.0,1.8785198272201102
48029172004,Texas,Bexar County,0,0,0,0,0,6.54250238777459,92353.0,73.4778605322755
48029172005,Texas,Bexar County,0,0,0,1,1,7.40396791895314,100917.0,17.3785290987751
48029172006,Texas,Bexar County,0,0,0,0,0,8.2382610784196,105743.0,100.00000097173401
48029172007,Texas,Bexar County,0,0,0,1,1,2.8554482291137098,111029.0,45.537611785742996
48029180101,Texas,Bexar County,0,0,0,0,1,13.686992637341898,68717.0,
48029180102,Texas,Bexar County,0,0,0,0,1,11.7400419287212,83958.0,
48029180201,Texas,Bexar County,0,1,1,0,1,29.2821031344793,40476.0,
48029180202,Texas,Bexar County,0,1,1,0,1,31.3555913113435,33967.0,
48029180300,Texas,Bexar County,0,1,1,0,1,22.1453970762544,39709.0,
48029180400,Texas,Bexar County,0,1,1,0,1,27.574611181168603,38162.0,0.11872653702006901
48029180501,Texas,Bexar County,0,1,1,0,1,25.646897183421103,39792.0,
48029180503,Texas,Bexar County,0,0,0,1,1,16.6566686662667,60945.0,45.3182479225253
48029180504,Texas,Bexar County,1,1,1,1,1,28.7265758091993,42591.0,91.31430890971049
48029180602,Texas,Bexar County,0,1,1,0,1,16.1119293078056,54963.0,
48029180603,Texas,Bexar County,0,0,0,0,0,15.3952205882353,67000.0,
48029180604,Texas,Bexar County,0,1,1,0,1,20.8786364972083,66837.0,
48029180701,Texas,Bexar County,0,0,0,1,1,14.6238821672804,90990.0,27.3829598572912
48029180702,Texas,Bexar County,0,1,1,0,1,26.201002063070998,62540.0,2.94082412663893
48029180800,Texas,Bexar County,0,0,1,0,0,28.484602917342,39844.0,
48029180901,Texas,Bexar County,0,1,1,0,1,14.3323065772785,55938.0,
48029180902,Texas,Bexar County,0,1,1,0,1,30.7056086844146,36151.0,
48029181001,Texas,Bexar County,0,0,0,0,1,15.806896551724101,65938.0,
48029181003,Texas,Bexar County,0,1,1,0,1,37.246397089688,33361.0,
48029181004,Texas,Bexar County,0,1,1,0,1,25.7347400150716,45707.0,
48029181005,Texas,Bexar County,0,1,1,0,1,20.5212550607287,41417.0,
48029181100,Texas,Bexar County,0,0,0,0,1,13.2852564102564,78250.0,3.8831648601437703
48029181200,Texas,Bexar County,0,0,0,1,1,9.71871968962173,92409.0,17.1567825728721
48029181301,Texas,Bexar County,0,0,0,1,1,17.5498819995709,66104.0,55.7713480231951
48029181302,Texas,Bexar County,0,0,0,1,1,12.850789756172402,58994.0,34.575273803571896
48029181303,Texas,Bexar County,0,1,1,0,1,41.8203592814371,31250.0,0.0
48029181402,Texas,Bexar County,1,1,1,1,1,41.5102389078498,38295.0,41.6333435978134
48029181403,Texas,Bexar County,0,0,0,1,1,7.17025671289466,61146.0,21.418050649214802
48029181404,Texas,Bexar County,0,0,0,1,1,10.86578581363,65592.0,19.5134490924877
48029181503,Texas,Bexar County,0,1,1,0,1,15.0249540320462,50440.0,5.971044679742301
48029181504,Texas,Bexar County,1,1,1,1,1,12.9398769133659,55736.0,12.1505865316871
48029181505,Texas,Bexar County,0,0,0,1,1,7.07623682076237,77305.0,64.3616683559193
48029181506,Texas,Bexar County,1,1,1,1,1,16.2231559290383,51698.0,43.174694466951905
48029181601,Texas,Bexar County,0,0,1,0,0,20.121951219512198,52500.0,
48029181602,Texas,Bexar County,1,1,1,1,1,18.0452397029034,40772.0,9.78543046344021
48029181703,Texas,Bexar County,0,0,0,1,1,16.2649857866766,86779.0,10.9509262308838
48029181704,Texas,Bexar County,0,0,0,1,1,19.2169146436962,61768.0,66.04473856818261
48029181705,Texas,Bexar County,0,0,0,1,1,9.11764705882353,60998.0,55.5365303822971
48029181711,Texas,Bexar County,0,0,0,0,1,8.875739644970409,87868.0,5.79929289283748
48029181712,Texas,Bexar County,0,0,0,0,1,6.54425612052731,83088.0,5.8028921223660195
48029181713,Texas,Bexar County,0,0,0,1,1,18.1098339719029,70884.0,28.263969372861602
48029181715,Texas,Bexar County,0,0,0,1,1,6.8839476088943,58697.0,57.4449408173954
48029181716,Texas,Bexar County,1,1,1,1,1,10.1268742791234,48354.0,57.1868511886714
48029181718,Texas,Bexar County,0,0,0,1,1,5.26315789473684,83223.0,36.8615177724676
48029181720,Texas,Bexar County,0,0,0,0,1,1.1916389919906198,119342.0,5.9401008122647
48029181721,Texas,Bexar County,0,0,0,1,1,2.18677643426807,119688.0,54.3683246457726
48029181722,Texas,Bexar County,0,0,0,1,1,2.77939747327502,93900.0,11.4076570897375
48029181723,Texas,Bexar County,0,0,0,1,1,6.012597824012221,67373.0,50.22310162243
48029181724,Texas,Bexar County,0,0,0,1,1,1.7850892544627202,106536.0,45.640806263837206
48029181725,Texas,Bexar County,1,1,1,1,1,12.703101920236302,49766.0,28.671334116599002
48029181726,Texas,Bexar County,0,0,0,1,1,6.12969538404037,82986.0,43.873292758313
48029181727,Texas,Bexar County,0,0,0,0,1,5.33018867924528,65313.0,2.93028352010732
48029181728,Texas,Bexar County,0,0,0,0,1,6.68851947241083,76590.0,2.02666267181216
48029181729,Texas,Bexar County,0,0,0,1,1,5.18617021276596,102930.0,50.101461509036305
48029181730,Texas,Bexar County,0,0,0,0,1,7.1280991735537205,63188.0,1.15480296554827
48029181731,Texas,Bexar County,0,0,0,1,1,5.79047619047619,103340.0,19.0854436494374
48029181808,Texas,Bexar County,1,1,1,1,1,24.0522875816993,95089.0,42.0007644193461
48029181809,Texas,Bexar County,0,0,0,1,1,13.4078212290503,64196.0,99.9999993341966
48029181811,Texas,Bexar County,0,0,0,1,1,5.87064676616915,78704.0,27.185459872573798
48029181813,Texas,Bexar County,0,0,0,1,1,18.228079331941498,68036.0,33.202936946403696
48029181814,Texas,Bexar County,0,0,0,1,1,16.0624905202487,71438.0,25.0161554820641
48029181815,Texas,Bexar County,0,0,0,1,1,8.60543179737565,97878.0,56.79252449908
48029181816,Texas,Bexar County,0,0,0,1,1,10.6073943661972,102891.0,48.1380772349377
48029181817,Texas,Bexar County,0,0,0,1,1,10.3438864628821,86429.0,21.811049797825
48029181818,Texas,Bexar County,0,0,0,0,1,8.40077695046941,78031.0,6.4779906219255405
48029181819,Texas,Bexar County,1,1,1,1,1,30.8597031643797,69375.0,50.512123379468
48029181820,Texas,Bexar County,1,1,1,1,1,47.4125093075205,64643.0,86.3991576330972
48029181821,Texas,Bexar County,0,0,0,1,1,8.83382709399407,84561.0,100.000000112234
48029181822,Texas,Bexar County,0,0,0,1,1,9.36186473060757,81055.0,16.192849535318498
48029181823,Texas,Bexar County,1,1,1,1,1,36.5401332946972,60163.0,99.9999973131624
48029181824,Texas,Bexar County,0,0,0,1,1,17.1093973150528,93462.0,73.3787841856362
48029181825,Texas,Bexar County,0,0,0,0,1,8.25707154742096,88980.0,
48029181826,Texas,Bexar County,0,0,0,1,1,6.65914221218962,87969.0,88.3616535026033
48029181901,Texas,Bexar County,1,1,1,1,1,32.3647120236645,120341.0,67.4920887402877
48029181902,Texas,Bexar County,0,0,0,0,0,4.86300557466493,156528.0,69.5358228602223
48029182001,Texas,Bexar County,0,0,0,1,1,5.11858044702269,124968.0,43.3991342674726
48029182002,Texas,Bexar County,0,0,0,0,0,2.52892392751101,147124.0,75.3266603500886
48029182003,Texas,Bexar County,0,0,0,1,1,6.78820791311094,145966.0,100.00000104589199
48029182101,Texas,Bexar County,0,0,0,1,1,3.74301675977654,128634.0,97.6873611157785
48029182102,Texas,Bexar County,0,0,0,1,1,7.09847036328872,122558.0,67.0493386692531
48029182103,Texas,Bexar County,0,0,0,0,0,5.78401872283517,127762.0,100.00000205088799
48029182105,Texas,Bexar County,0,0,0,0,0,3.09780717020536,123750.0,99.99999788309249
48029182106,Texas,Bexar County,0,0,0,1,1,2.95498481082574,137315.0,87.5536540142439
48029190100,Texas,Bexar County,0,1,1,0,1,22.8969359331476,46875.0,7.87585433408836
48029190200,Texas,Bexar County,0,0,0,1,1,19.501867995018703,95250.0,53.4243697812515
48029190400,Texas,Bexar County,0,0,0,1,1,15.751575157515799,147639.0,29.160519282513498
48029190501,Texas,Bexar County,0,1,1,0,1,20.1888364343238,42656.0,5.33266409227134
48029190503,Texas,Bexar County,0,0,0,0,1,13.0782271736498,57454.0,10.2029248792059
48029190504,Texas,Bexar County,0,0,0,1,1,19.2106182326231,61518.0,46.3877087025795
48029190601,Texas,Bexar County,0,1,1,0,1,12.2815417763945,45700.0,
48029190603,Texas,Bexar County,0,0,1,0,0,21.5717981888745,43148.0,
48029190604,Texas,Bexar County,0,1,1,0,1,28.716998610467797,37718.0,
48029190700,Texas,Bexar County,0,1,1,0,1,24.5388669301713,41750.0,
48029190800,Texas,Bexar County,0,0,0,0,1,3.2516258129064504,250001.0,
48029190901,Texas,Bexar County,0,1,1,0,1,24.4643158427535,52872.0,
48029190902,Texas,Bexar County,0,0,0,0,1,12.128032008002,71538.0,
48029191003,Texas,Bexar County,0,1,1,0,1,31.9016319129646,41271.0,
48029191004,Texas,Bexar County,0,1,1,0,1,31.6265725005518,40505.0,
48029191005,Texas,Bexar County,0,0,1,0,0,13.5351736420303,49676.0,
48029191006,Texas,Bexar County,0,1,1,0,1,25.6331168831169,52819.0,
48029191101,Texas,Bexar County,0,0,0,0,1,5.90833793484263,131202.0,0.190262199912669
48029191102,Texas,Bexar County,0,0,0,0,1,7.07930367504836,113851.0,
48029191201,Texas,Bexar County,0,0,0,1,1,7.43368291178285,79083.0,17.3124954649646
48029191202,Texas,Bexar County,0,1,1,0,1,21.756994717276502,62102.0,
48029191303,Texas,Bexar County,0,0,0,0,1,9.66835300730748,75859.0,22.0757262570059
48029191304,Texas,Bexar County,1,1,1,1,1,32.4561403508772,28717.0,33.8471406505071
48029191405,Texas,Bexar County,0,0,0,1,1,7.11795794445069,96791.0,8.37563927639707
48029191406,Texas,Bexar County,0,0,0,1,1,4.26993132278292,143711.0,34.7888357215518
48029191408,Texas,Bexar County,0,0,1,0,0,16.204179513532,46316.0,
48029191409,Texas,Bexar County,0,0,1,0,0,15.352573638798,53750.0,
48029191410,Texas,Bexar County,0,1,1,0,1,13.276273885350301,41705.0,
48029191411,Texas,Bexar County,0,0,0,1,1,13.362541073384401,79653.0,20.3777280634031
48029191412,Texas,Bexar County,0,0,0,1,1,0.497512437810945,200625.0,96.0369834717405
48029191413,Texas,Bexar County,0,0,0,1,1,9.45233913460003,100913.0,65.0403441666793
48029191503,Texas,Bexar County,0,0,0,1,1,5.717017208413,91802.0,11.7974816298718
48029191504,Texas,Bexar County,0,0,0,0,1,4.42443226311668,223214.0,10.2567575605473
48029191505,Texas,Bexar County,0,0,0,1,1,1.2302284710017601,167813.0,77.31946377225219
48029191506,Texas,Bexar County,0,0,0,0,1,9.50045969966289,126875.0,3.14630978048896
48029191701,Texas,Bexar County,0,0,0,1,1,2.12624584717608,146563.0,51.27842744216991
48029191702,Texas,Bexar County,0,0,0,1,1,5.31652507536311,106157.0,35.8877142297741
48029191804,Texas,Bexar County,0,0,0,1,1,2.6308223116733798,120833.0,100.00000092156999
48029191806,Texas,Bexar County,0,0,0,1,1,1.4944392956441102,188774.0,25.9405045670636
48029191807,Texas,Bexar County,0,0,0,1,1,9.70069071373753,164766.0,42.8265272760585
48029191808,Texas,Bexar County,0,0,0,1,1,4.49265833881218,127250.0,74.17859928466221
48029191809,Texas,Bexar County,0,0,0,1,1,4.50206398348813,121071.0,67.8475074027502
48029191810,Texas,Bexar County,0,0,0,1,1,2.2318660880347196,116971.0,99.8840794975446
48029191811,Texas,Bexar County,0,0,0,1,1,4.22282120395328,136012.0,39.794452285458895
48029191812,Texas,Bexar County,0,0,0,1,1,4.03850669171167,150701.0,23.2578567764822
48029191813,Texas,Bexar County,0,0,0,1,1,7.3548203890387605,110300.0,53.20600834874401
48029191814,Texas,Bexar County,0,0,0,1,1,4.98723738464559,109688.0,100.00000040638099
48029191815,Texas,Bexar County,0,0,0,1,1,5.71913929784824,121964.0,54.53256069234121
48029191816,Texas,Bexar County,0,0,0,0,1,3.06122448979592,108981.0,0.00941841358812077
48029191817,Texas,Bexar County,0,0,0,1,1,7.3666641377740705,121949.0,48.337752355987604
48029191900,Texas,Bexar County,0,1,1,0,1,30.524541815883698,31767.0,1.97159587241004
48029192000,Texas,Bexar County,1,1,1,1,1,20.3230148048452,61563.0,42.3218199743127
48029192100,Texas,Bexar County,0,0,0,0,1,5.71705426356589,138750.0,
48029192200,Texas,Bexar County,1,1,1,1,1,21.3885295385942,45792.0,55.832776861081804
48029192300,Texas,Bexar County,0,0,0,1,1,7.97043547742709,136250.0,33.384369310283105
48029980001,Texas,Bexar County,0,0,0,0,0,0.0,,99.9999989697244
48029980002,Texas,Bexar County,0,0,0,1,1,0.0,,59.1914992779493
48029980003,Texas,Bexar County,1,1,1,1,1,10.9219858156028,55208.0,33.2816259197469
48029980005,Texas,Bexar County,0,0,0,0,0,0.0,,99.9999962753645
48029980100,Texas,Bexar County,1,1,1,1,1,26.315789473684198,41250.0,99.8218429630678
